name,email,year,month,day
Keelan,test1@email.com,1962,12,21
El,test2@email.com,1961,11,21
George,test3@email.com,1971,12,21
Jade,test4@email.com,1968,12,21
Rebecca,test5@email.com,1931,12,21
Coby,test6@email.com,1961,4,21
Hannah,test7@email.com,1961,9,21
Andrew,test8@email.com,1961,2,21
Andrew,test9@email.com,1981,2,21
Rachael,test10@email.com,1961,12,21
Beth,test11@email.com,1961,12,21
Steve,test12@email.com,1961,12,21
Pete,test13@email.com,1961,12,21
Ben,test14@email.com,1961,12,21
Dan,test15@email.com,1961,12,21
Will,test16@email.com,1961,12,21
Alex,test17@email.com,1961,12,21
Leon,test18@email.com,1961,12,21
Sam,test19@email.com,1941,12,21
Vick,test20@email.com,1951,12,11
Janet,test21@email.com,1991,12,21
Connor,test22@email.com,1981,2,21
Dave,test23@email.com,1971,12,4
